사진이름,사이즈,가격
White Desk,100x60 cm,174300
Wood Long Desk,200x70 cm,139000
Ivory Brown Desk,80x60 cm,55000
Study Wood Desk,180x60 cm,550000
One Leg Table,60 cm ,100000
Tiny White Desk,70x50 cm,45000
We Work O Table,50 cm,450000
Wooden Circle Table,65 cm,500000
White Long Desk,300x50 cm,387000
white O Table,55 cm,50000
Wood Mood Desk,70x60 cm,589000
Wooden Table No Mental,70x65 cm,100000
We Work Table,850x60 cm,90000
wood shelf,60x60 cm,33000
zxc shelf,70x40 cm,57000
vvv shelf,80x60 cm,52000
가죽 의자,70x55 cm,100000
샹들리에 의자,80x75 cm,150000
blackChair,80x70 cm,125000
designChair,75x55 cm,149000
whiteSwanChair,85x55 cm,220000
해변 의자,70x55 cm,440000
Red Chair,50x50 cm,279000
야구 의자,80x55 cm,319000
프로필 의자,80x40 cm,222000
나무 의자,70x65 cm,410000
탁상 의자,80x55 cm,120000
안락 의자,70x60 cm,45000
편안한 의자,80x55 cm,38000
monsterDrawer,90x60 cm,380000
redDrawer,70x45 cm,270000
hiphopDrawer,150x40 cm,7000
plantDrawer,80x60 cm,907000
darkyDrawer,90x50 cm,111000
wecodeDrawer,45x45 cm,80000
whiteDrawer,60x60 cm,130000
islandDrawer,130x80 cm,310000
dollDrawer,60x50 cm,240000
onebyoneDrawer,70x50 cm,170000
woodDrawer,70x50 cm,190000
brina-blum,90x60 cm,200000
fleitas,70x45 cm,150000
natural-berlin,80x30 cm,170000
nick-fewings,120x40 cm,310000
svitlana,110x40 cm,90000
skyBlueShelf,170x130 cm,130000
jason,120x50 cm,218000