사진이름,사진 url
White Desk,https://github.com/c0zyb1ue/weKEA-project-product-data/blob/main/%EC%B1%85%EC%83%81/White%20Desk.png?raw=true
Wood Long Desk,https://github.com/c0zyb1ue/weKEA-project-product-data/blob/main/%EC%B1%85%EC%83%81/Wood%20Long%20Desk2.png?raw=true
Ivory Brown Desk,https://github.com/c0zyb1ue/weKEA-project-product-data/blob/main/%EC%B1%85%EC%83%81/Ivory%20Brown%20Desk.png?raw=true
Study Wood Desk,https://github.com/c0zyb1ue/weKEA-project-product-data/blob/main/%EC%B1%85%EC%83%81/Study%20Wood%20Desk.png?raw=true
One Leg Table,https://github.com/c0zyb1ue/weKEA-project-product-data/blob/main/%EC%B1%85%EC%83%81/One%20Leg%20Table2.jpg?raw=true
Tiny White Desk,https://github.com/c0zyb1ue/weKEA-project-product-data/blob/main/%EC%B1%85%EC%83%81/Tiny%20White%20Desk.png?raw=true
We Work O Table,https://github.com/c0zyb1ue/weKEA-project-product-data/blob/main/%EC%B1%85%EC%83%81/We%20Work%20O%20Table2.jpeg?raw=true
Wooden Circle Table,https://github.com/c0zyb1ue/weKEA-project-product-data/blob/main/%EC%B1%85%EC%83%81/%EB%AA%A9%EC%9E%AC%EC%9B%90%ED%98%95%ED%85%8C%EC%9D%B4%EB%B8%942.jpg?raw=true
White Long Desk,https://github.com/c0zyb1ue/weKEA-project-product-data/blob/main/%EC%B1%85%EC%83%81/White%20Long%20Desk.png?raw=true
white O Table,https://github.com/c0zyb1ue/weKEA-project-product-data/blob/main/%EC%B1%85%EC%83%81/White%20O%20Table2.jpg?raw=true
Wood Mood Desk,https://github.com/c0zyb1ue/weKEA-project-product-data/blob/main/%EC%B1%85%EC%83%81/Wood%20Mood%20Desk.png?raw=true
Wooden Table No Mental,https://github.com/c0zyb1ue/weKEA-project-product-data/blob/main/%EC%B1%85%EC%83%81/Wooden%20Table%20No%20Metal2.jpg?raw=true
We Work Table,https://github.com/c0zyb1ue/weKEA-project-product-data/blob/main/%EC%B1%85%EC%83%81/We%20Work%20Table%203.jpeg?raw=true
We Work Table,https://github.com/c0zyb1ue/weKEA-project-product-data/blob/main/%EC%B1%85%EC%83%81/We%20Work%20Table2.jpeg?raw=true
wood shelf,https://github.com/c0zyb1ue/weKEA-project-product-data/blob/main/%EC%84%A0%EB%B0%98/wood%20shelf2.png?raw=true
wood shelf,https://github.com/c0zyb1ue/weKEA-project-product-data/blob/main/%EC%84%A0%EB%B0%98/wood%20shelf3.png?raw=true
vvv shelf,https://github.com/c0zyb1ue/weKEA-project-product-data/blob/main/%EC%84%A0%EB%B0%98/vvv%20shelf3.png?raw=true
vvv shelf,https://github.com/c0zyb1ue/weKEA-project-product-data/blob/main/%EC%84%A0%EB%B0%98/vvv%20shelf2.png?raw=true
zxc shelf,https://github.com/c0zyb1ue/weKEA-project-product-data/blob/main/%EC%84%A0%EB%B0%98/zxc%20shelf4.png?raw=true
zxc shelf,https://github.com/c0zyb1ue/weKEA-project-product-data/blob/main/%EC%84%A0%EB%B0%98/zxc%20shelf3.png?raw=true
zxc shelf,https://github.com/c0zyb1ue/weKEA-project-product-data/blob/main/%EC%84%A0%EB%B0%98/zxc%20shelf2.png?raw=true
가죽 의자,https://github.com/c0zyb1ue/weKEA-project-product-data/blob/main/%EC%9D%98%EC%9E%90/1%20%EA%B0%80%EC%A3%BD%EC%9D%98%EC%9E%90%20(hover).png?raw=true
샹들리에 의자,https://github.com/c0zyb1ue/weKEA-project-product-data/blob/main/%EC%9D%98%EC%9E%90/2%20%EC%83%B9%EB%93%A4%EB%A6%AC%EC%97%90%EC%9D%98%EC%9E%90%20(hover).jpg?raw=true
blackChair,https://github.com/c0zyb1ue/weKEA-project-product-data/blob/main/%EC%9D%98%EC%9E%90/3%20%EA%B2%80%EC%9D%80%EC%9D%98%EC%9E%90%20(hover).jpg?raw=true
designChair,https://github.com/c0zyb1ue/weKEA-project-product-data/blob/main/%EC%9D%98%EC%9E%90/%EB%94%94%EC%9E%90%EC%9D%B8%20%EC%9D%98%EC%9E%90%20(hover).jpg?raw=true
whiteSwanChair,https://github.com/c0zyb1ue/weKEA-project-product-data/blob/main/%EC%9D%98%EC%9E%90/5%20%EB%B0%B1%EC%A1%B0%EC%9D%98%EC%9E%90%20(hover).png?raw=true
해변 의자,https://github.com/c0zyb1ue/weKEA-project-product-data/blob/main/%EC%9D%98%EC%9E%90/6%20%ED%95%B4%EB%B3%80%EC%9D%98%EC%9E%90%20(hover).jpg?raw=true
Red Chair,https://github.com/c0zyb1ue/weKEA-project-product-data/blob/main/%EC%9D%98%EC%9E%90/Red%20Chair%20(hover).jpg?raw=true
야구 의자,https://github.com/c0zyb1ue/weKEA-project-product-data/blob/main/%EC%9D%98%EC%9E%90/8%20%EC%95%BC%EA%B5%AC%EC%9D%98%EC%9E%90%20(hover).jpg?raw=true
야구 의자,https://github.com/c0zyb1ue/weKEA-project-product-data/blob/main/%EC%9D%98%EC%9E%90/8%20%EC%95%BC%EA%B5%AC%EC%9D%98%EC%9E%90%20%EC%B6%94%EA%B0%80%EC%82%AC%EC%A7%84.jpg?raw=true
야구 의자,https://github.com/c0zyb1ue/weKEA-project-product-data/blob/main/%EC%9D%98%EC%9E%90/8%20%EC%95%BC%EA%B5%AC%EC%9D%98%EC%9E%90%20%EC%B6%94%EA%B0%80%EC%82%AC%EC%A7%841.jpg?raw=true
야구 의자,https://github.com/c0zyb1ue/weKEA-project-product-data/blob/main/%EC%9D%98%EC%9E%90/8%20%EC%95%BC%EA%B5%AC%EC%9D%98%EC%9E%90%20%EC%B6%94%EA%B0%80%EC%82%AC%EC%A7%842.jpg?raw=true
프로필 의자,https://github.com/c0zyb1ue/weKEA-project-product-data/blob/main/%EC%9D%98%EC%9E%90/9%20%ED%94%84%EB%A1%9C%ED%95%84%EC%9D%98%EC%9E%90%20(hover).jpg?raw=true
나무 의자,https://github.com/c0zyb1ue/weKEA-project-product-data/blob/main/%EC%9D%98%EC%9E%90/10%20%EB%82%98%EB%AC%B4%EC%9D%98%EC%9E%90%20(hover).png?raw=true
탁상 의자,https://github.com/c0zyb1ue/weKEA-project-product-data/blob/main/%EC%9D%98%EC%9E%90/11%20%EC%9D%98%EC%9E%90%20(hover).jpg?raw=true
탁상 의자,https://github.com/c0zyb1ue/weKEA-project-product-data/blob/main/%EC%9D%98%EC%9E%90/11%20%EC%9D%98%EC%9E%90%20%EC%B6%94%EA%B0%80%EC%82%AC%EC%A7%84.jpg?raw=true
탁상 의자,https://github.com/c0zyb1ue/weKEA-project-product-data/blob/main/%EC%9D%98%EC%9E%90/11%20%EC%9D%98%EC%9E%90%20%EC%B6%94%EA%B0%80%EC%82%AC%EC%A7%842.jpg?raw=true
안락 의자,https://github.com/c0zyb1ue/weKEA-project-product-data/blob/main/%EC%9D%98%EC%9E%90/%EC%95%88%EB%9D%BD%ED%95%B4%EC%9A%94%20%EC%9D%98%EC%9E%90.png?raw=true
편안한 의자,https://github.com/c0zyb1ue/weKEA-project-product-data/blob/main/%EC%9D%98%EC%9E%90/%ED%8E%B8%EC%95%88%ED%95%9C%20%EC%9D%98%EC%9E%902.jpg?raw=true
dollDrawer,https://github.com/c0zyb1ue/weKEA-project-product-data/blob/main/%EC%84%9C%EB%9E%8D/dollDrawer2.png?raw=true
brina-blum,https://github.com/c0zyb1ue/weKEA-project-product-data/blob/main/%EC%84%A0%EB%B0%98/brina-blum_2.jpg?raw=true
fleitas,https://github.com/c0zyb1ue/weKEA-project-product-data/blob/main/%EC%84%A0%EB%B0%98/fleitas_3.jpg?raw=true
fleitas,https://github.com/c0zyb1ue/weKEA-project-product-data/blob/main/%EC%84%A0%EB%B0%98/fleitas_2.jpg?raw=true
natural-berlin,https://github.com/c0zyb1ue/weKEA-project-product-data/blob/main/%EC%84%A0%EB%B0%98/natural-berlin_2.jpg?raw=true
nick-fewings,https://github.com/c0zyb1ue/weKEA-project-product-data/blob/main/%EC%84%A0%EB%B0%98/nick-fewings_2.jpg?raw=true
svitlana,https://github.com/c0zyb1ue/weKEA-project-product-data/blob/main/%EC%84%A0%EB%B0%98/svitlana_2.jpg?raw=true
jason,https://github.com/c0zyb1ue/weKEA-project-product-data/blob/main/%EC%84%A0%EB%B0%98/jason_2.jpg?raw=true
jason,https://github.com/c0zyb1ue/weKEA-project-product-data/blob/main/%EC%84%A0%EB%B0%98/jason_3.jpg?raw=true